fase,variante,semilla,parametros,minutos,epocas_final,umbral,oof_exactitud,oof_precision,oof_sensibilidad,oof_especificidad,oof_f1,oof_f1_macro,oof_auc_roc,oof_auc_pr,prueba_exactitud,prueba_precision,prueba_sensibilidad,prueba_especificidad,prueba_f1,prueba_f1_macro,prueba_auc_roc,prueba_auc_pr,prueba202_exactitud,prueba202_precision,prueba202_sensibilidad,prueba202_especificidad,prueba202_f1,prueba202_f1_macro,prueba202_auc_roc,prueba202_auc_pr,inferencia_latencia_ms_mediana,inferencia_latencia_ms_p95,inferencia_throughput_latidos_s,inferencia_hilos
cv,base,0,11265,11.776582593333538,3,0.6149861812591553,0.863581094332222,0.7279135698413914,0.7361487795428129,0.9067611920703689,0.7320080135614117,0.8202552958473164,0.81972474344053,0.6646151180356961,,,,,,,,,,,,,,,,,,,,
cv,kernels_grandes,0,22657,20.310244730000463,5,0.17927032709121704,0.7640125514806825,0.5226564123882769,0.7793878341728012,0.7588026782197715,0.6257115306852468,0.7266977552897815,0.8145834937521481,0.5687010740620432,,,,,,,,,,,,,,,,,,,,
cv,flatten,0,82945,17.453761668333513,6,0.2527596056461334,0.8118062365169642,0.5901192875428944,0.8395195660596668,0.8024156492057241,0.6930655066530195,0.7786838930968587,0.875971249896424,0.7016636055690606,,,,,,,,,,,,,,,,,,,,
cv,filtros_x2,0,39873,32.791430788332946,4,0.7987188100814819,0.8105118650715827,0.6300633672896446,0.6086788066640837,0.8789024550347906,0.6191865048084503,0.7465319533231892,0.7539441542620895,0.5398088030514426,,,,,,,,,,,,,,,,,,,,
cv,kiranyaz,0,9605,8.4216557683331,3,0.39756232500076294,0.8250637379878407,0.6206625083267728,0.7941882991088726,0.8355257975580938,0.6967842817322728,0.7869274623842863,0.8544298447003448,0.6646877460620241,,,,,,,,,,,,,,,,,,,,
cv,dropout_05,0,11265,9.03773587666704,3,0.4859738349914551,0.8104922533830162,0.6134359692092373,0.6792716001549787,0.8549560194302219,0.6446773303916161,0.7577334636179516,0.8103890037359589,0.5983552620333414,,,,,,,,,,,,,,,,,,,,
final,base,0,11265,0.8598916483334809,3,0.6149861812591553,,,,,,,,,0.8133465129973921,0.8246645560078396,0.4149597936580185,0.9661584123843333,0.5521069896543023,0.7171076784857104,0.8130757803272816,0.6639953558058166,0.8196566229897551,0.8205281217365359,0.41487516029267557,0.9669741393510131,0.5511022044088176,0.7191321917946161,0.8145672042779288,0.6588495310898796,0.8362000080524012,1.531924992741551,10055.061280163962,4.0
final,base,1,11265,0.8573586749999473,3,0.6149861812591553,,,,,,,,,0.7296836880625894,0.5073434221686531,0.8621605219238355,0.6788686492463482,0.638788185369418,0.7114092826432055,0.8671677235776385,0.7000927569327899,0.7263450274741864,0.49269365058838743,0.8621860149355057,0.6769066051721297,0.6270572745227123,0.7054695051678893,0.866550292758442,0.6929589400133982,0.7779000006848946,1.1369049840141088,10814.400387776052,4.0
final,base,2,11265,0.8819344183333063,3,0.6149861812591553,,,,,,,,,0.8175527887608312,0.7243404678944748,0.5519648004855106,0.919426177035442,0.6265122486761097,0.7529032600989531,0.8387971072646427,0.6698189606034654,0.8237224000161021,0.7221289621803101,0.5516330994946066,0.9227474880579806,0.6254704071159768,0.7551031328043889,0.8415407287597794,0.6664889201672773,1.0605000134091824,4.493785006343385,7519.655564660204,4.0
