epoca,perdida_ent,f1_ent_05,perdida_val,f1_val_05,f1_val,f1_val_suavizado,umbral_val,lr,segundos
1,0.5730708100535988,0.717003242060857,0.5265077352523804,0.7887725975261656,0.8791619902731014,,0.6531029939651489,0.0003,39.174895800009836
2,0.2853318153820581,0.8888991631605715,0.9270806908607483,0.6289920159680639,0.716550600088902,,0.8021872043609619,0.0003,35.94799799998873
3,0.2445520907243243,0.9056287536663719,0.9555923342704773,0.6430663440723291,0.74583524377197,0.7805159447113246,0.8721640110015869,0.0003,39.46356010000454
4,0.21492142092073346,0.9163115253126024,0.6667448878288269,0.6744061916199626,0.8818696366624066,0.7814184935077595,0.9096211194992065,0.0003,37.824515500018606
5,0.20553852909710732,0.9210131332082552,1.9702728986740112,0.4770780382189589,0.7030069619315658,0.7769039474553141,0.9731695055961609,0.0003,40.95700969998143
6,0.19676895770015704,0.9237710311119466,0.7145349383354187,0.70502385630087,0.7358462231566302,0.7735742739168675,0.6590813398361206,0.0003,39.180823400005465
7,0.1849454812991476,0.9274599219594754,0.5403035879135132,0.7763096533499145,0.8111675126903553,0.750006899259517,0.6358847618103027,0.0003,35.86705430000438
8,0.1631870778076141,0.9377546186641402,0.6247045993804932,0.7094125973106865,0.7871643745907007,0.7780593701458954,0.7312764525413513,2.9999999999999997e-05,37.411229299992556
9,0.15774826764141558,0.940116637428287,0.45346787571907043,0.7635865428527934,0.8936563713704458,0.8306627528838338,0.7702953219413757,2.9999999999999997e-05,42.00109789997805
10,0.15713672476076376,0.9397909473584638,0.7239264249801636,0.683019379319691,0.7788304475661549,0.8198837311757671,0.857197642326355,2.9999999999999997e-05,36.57373100001132
11,0.15449149828493033,0.9438362007678089,0.5424883365631104,0.7213773314203731,0.8401055408970977,0.8375307866112328,0.8181523680686951,2.9999999999999997e-05,37.792500199982896
12,0.15153756913080924,0.9431958274063538,0.5867864489555359,0.6998332406892718,0.8475836431226766,0.8221732105286431,0.8472406268119812,2.9999999999999997e-05,38.381981700018514
13,0.15035425186029275,0.94307634021595,0.6689502596855164,0.687960687960688,0.7991353508480213,0.8289415116225985,0.8405609130859375,2.9999999999999997e-05,45.43452810001327
14,0.14960256298845204,0.9419128455592963,0.7423262596130371,0.6772160386214295,0.8002674243690457,0.8156621394465814,0.8896510004997253,2.9999999999999997e-05,37.56840089999605
15,0.1444237261510717,0.9431871981819904,0.633720338344574,0.6980033277870217,0.8085470085470086,0.8026499279213585,0.8461824059486389,3e-06,41.49524930000189
16,0.14494715331550734,0.9451813816383778,0.614453911781311,0.7039731393396754,0.8091080294470125,0.8059741541210222,0.8345723748207092,3e-06,30.476898499997333
